name,port_lat,port_long
Port Moresby Jacksons International Airport,-9.44338035583496,147.22000122070312
Keflavik International Airport,63.985001,-22.6056
PriA!tina International Airport,42.5728,21.035801
Guodu air base,36.001741,117.63201
Edmonton International Airport,53.3097000122,-113.580001831
Halifax / Stanfield International Airport,44.8807983398,-63.5085983276
Ottawa Macdonald-Cartier International Airport,45.3224983215332,-75.66919708251953
Montreal / Pierre Elliott Trudeau International Airport,45.4706001282,-73.7407989502
Vancouver International Airport,49.193901062,-123.183998108
Winnipeg / James Armstrong Richardson International Airport,49.9099998474,-97.2398986816
Calgary International Airport,51.113899231,-114.019996643
Victoria International Airport,48.646900177,-123.426002502
St. John's International Airport,47.618598938,-52.7518997192
Lester B. Pearson International Airport,43.6772003174,-79.63059997559999
Houari Boumediene Airport,36.69100189208984,3.215409994125366
Ouagadougou Airport,12.3532,-1.51242
Kotoka International Airport,5.605189800262451,-0.1667860001325607
Nnamdi Azikiwe International Airport,9.006790161132812,7.263169765472412
Akwa Ibom International Airport,4.8725,8.093
Mallam Aminu International Airport,12.0476,8.52462
Murtala Muhammed International Airport,6.5773701667785645,3.321160078048706
Diori Hamani International Airport,13.4815,2.18361
Tunis Carthage International Airport,36.85100173950195,10.22719955444336
Brussels Airport,50.9014015198,4.48443984985
Brussels South Charleroi Airport,50.459202,4.45382
"LiA""ge Airport",50.63740158081055,5.443220138549805
Berlin-SchAPnefeld Airport,52.380001,13.5225
Dresden Airport,51.1328010559082,13.767200469970703
Frankfurt am Main Airport,50.033333,8.570556
MA 1/4nster OsnabrA 1/4ck Airport,52.134601593,7.68483018875
Hamburg Airport,53.630401611328,9.9882297515869
Cologne Bonn Airport,50.8658981323,7.1427397728
DA 1/4sseldorf Airport,51.289501,6.76678
Munich Airport,48.353802,11.7861
Nuremberg Airport,49.498699,11.078056
Leipzig/Halle Airport,51.423889,12.236389
Stuttgart Airport,48.6898994446,9.22196006775
Berlin-Tegel Airport,52.5597,13.2877
Hannover Airport,52.461101532,9.68507957458
Bremen Airport,53.0475006104,8.78666973114
Dortmund Airport,51.51829910279999,7.61223983765
Karlsruhe Baden-Baden Airport,48.7793998718,8.08049964905
Lennart Meri Tallinn Airport,59.41329956049999,24.8327999115
Helsinki Vantaa Airport,60.317199707031,24.963300704956
Belfast International Airport,54.6575012207,-6.21582984924
George Best Belfast City Airport,54.61809921264648,-5.872499942779541
Birmingham International Airport,52.4538993835,-1.74802994728
Manchester Airport,53.35369873046875,-2.2749500274658203
Robin Hood Doncaster Sheffield Airport,53.4805378105,-1.01065635681
Cardiff International Airport,51.39670181274414,-3.343329906463623
Bristol Airport,51.382702,-2.71909
Liverpool John Lennon Airport,53.33359909057617,-2.849720001220703
London Luton Airport,51.874698638916016,-0.3683330118656158
Bournemouth Airport,50.77999877929688,-1.8424999713897705
Southampton Airport,50.95029830932617,-1.3567999601364136
London Gatwick Airport,51.148102,-0.190278
London Heathrow Airport,51.4706,-0.461941
Leeds Bradford Airport,53.86589813232422,-1.6605700254440308
Newcastle Airport,55.03749847412109,-1.6916699409484863
East Midlands Airport,52.8311004639,-1.32806003094
Aberdeen Dyce Airport,57.20190048217773,-2.197779893875122
Glasgow International Airport,55.871899,-4.43306
Edinburgh Airport,55.95000076293945,-3.372499942779541
Norwich International Airport,52.6758003235,1.28278005123
London Stansted Airport,51.8849983215,0.234999999404
Exeter International Airport,50.73440170288086,-3.4138898849487305
RAF Lakenheath,52.4093017578,0.56099998951
RAF Mildenhall,52.36190032958984,0.486405998468399
RAF Fairford,51.6822013855,-1.7900300025900002
RAF Brize Norton,51.75,-1.58362
Amsterdam Airport Schiphol,52.308601,4.76389
Eindhoven Airport,51.4500999451,5.37452983856
Cork Airport,51.84130096435547,-8.491109848022461
Dublin Airport,53.421299,-6.27007
Shannon Airport,52.702,-8.92482
Billund Airport,55.7402992249,9.15178012848
Copenhagen Kastrup Airport,55.617900848389,12.656000137329
Aalborg Airport,57.0927589138,9.84924316406
Luxembourg-Findel International Airport,49.6233333,6.2044444
"BodA, Airport",67.26920318603516,14.365300178527832
Bergen Airport Flesland,60.29339981,5.218140125
Oslo Gardermoen Airport,60.193901062012,11.100399971008
"TromsA, Airport",69.68329620361328,18.91889953613281
Trondheim Airport VA|rnes,63.4578018,10.9239998
Stavanger Airport Sola,58.876701354,5.6377801895
GdaAsk Lech WaAAsa Airport,54.37760162353516,18.46619987487793
KrakA3w John Paul II International Airport,50.077702,19.7848
Katowice International Airport,50.4743,19.08
Modlin Airport,52.451099,20.6518
PoznaA-Aawica Airport,52.4210014343,16.8262996674
Warsaw Chopin Airport,52.1656990051,20.9671001434
Copernicus WrocAaw Airport,51.1026992798,16.885799408
Gothenburg-Landvetter Airport,57.662799835205,12.279800415039
MalmAP Sturup Airport,55.536305364,13.3761978149
LuleAY= Airport,65.543800354004,22.121999740601
Stockholm-Arlanda Airport,59.651901245117,17.918600082397
Ramstein Air Base,49.4369010925293,7.600279808044434
Riga International Airport,56.92359924316406,23.971099853515625
Vilnius International Airport,54.634102,25.285801
Cape Town International Airport,-33.9648017883,18.6016998291
George Airport,-34.0056,22.378902
King Shaka International Airport,-29.6144444444,31.1197222222
OR Tambo International Airport,-26.1392,28.246
Sir Seretse Khama International Airport,-24.555201,25.9182
King Mswati III International Airport,-26.358611,31.716944
Sir Seewoosagur Ramgoolam International Airport,-20.430201,57.683601
Kenneth Kaunda International Airport,-15.3308,28.4526
Ivato Airport,-18.7969,47.478802
Quatro de Fevereiro Airport,-8.85837,13.2312
Maputo Airport,-25.920799,32.572601
Seychelles International Airport,-4.67434,55.521801
N'Djamena International Airport,12.1337,15.034
Robert Gabriel Mugabe International Airport,-17.931801,31.0928
Hosea Kutako International Airport,-22.4799,17.4709
Ndjili International Airport,-4.38575,15.4446
Modibo Keita International Airport,12.5335,-7.94994
La Palma Airport,28.626499,-17.7556
Gran Canaria Airport,27.931900024414062,-15.38659954071045
Tenerife South Airport,28.044500351,-16.5725002289
Tenerife Norte Airport,28.4827003479,-16.3414993286
Lungi International Airport,8.61644,-13.1955
Roberts International Airport,6.23379,-10.3623
Mohammed V International Airport,33.36750030517578,-7.589970111846924
Blaise Diagne International Airport,14.67,-17.073333
LA(c)opold SA(c)dar Senghor International Airport,14.739700317382812,-17.49020004272461
NouakchottaOumtounsy International Airport,18.31,-15.9697222
AmAlcar Cabral International Airport,16.7414,-22.9494
Addis Ababa Bole International Airport,8.97789001465,38.7993011475
Egal International Airport,9.513207,44.082389
Cairo International Airport,30.12190055847168,31.40559959411621
Hurghada International Airport,27.178300857543945,33.799400329589844
Luxor International Airport,25.671,32.7066
Jomo Kenyatta International Airport,-1.31923997402,36.9277992249
Mombasa Moi International Airport,-4.034830093383789,39.594200134277344
Tripoli International Airport,32.6635017395,13.1590003967
Kigali International Airport,-1.96863,30.1395
Juba International Airport,4.87201023102,31.6011009216
Khartoum International Airport,15.589500427246094,32.553199768066406
Julius Nyerere International Airport,-6.87811,39.202599
Abeid Amani Karume International Airport,-6.22202,39.224899
Entebbe International Airport,0.042386,32.443501
Aji Pangeran Tumenggung Pranoto International Airport,-0.374448,117.249392
Albuquerque International Sunport,35.040199,-106.609001
Joint Base Andrews,38.810799,-76.866997
Fort Worth Alliance Airport,32.9875984192,-97.3188018799
Augusta Regional At Bush Field,33.36989974975586,-81.9645004272461
Rick Husband Amarillo International Airport,35.219398,-101.706001
Hartsfield Jackson Atlanta International Airport,33.6367,-84.428101
Austin Bergstrom International Airport,30.194499969482425,-97.6698989868164
Asheville Regional Airport,35.436199,-82.541801
Beale Air Force Base,39.136100769,-121.43699646
Barksdale Air Force Base,32.5018005371,-93.6626968384
Bradley International Airport,41.9388999939,-72.68319702149999
Boeing Field King County International Airport,47.52999877929688,-122.302001953125
Bangor International Airport,44.80739974975586,-68.8281021118164
Birmingham-Shuttlesworth International Airport,33.56290054,-86.75350189
Billings Logan International Airport,45.80770111083984,-108.54299926757812
Scott AFB/Midamerica Airport,38.5452,-89.835197
Central Illinois Regional Airport at Bloomington-Normal,40.47710037,-88.91590118
Nashville International Airport,36.1245002746582,-86.6781997680664
Boise Air Terminal/Gowen Field,43.5644,-116.223
General Edward Lawrence Logan International Airport,42.36429977,-71.00520325
Buffalo Niagara International Airport,42.94049835,-78.73220062
Baltimore/Washington International Thurgood Marshall Airport,39.1754,-76.668297
Columbia Metropolitan Airport,33.93880081176758,-81.11949920654297
Columbus Air Force Base,33.6437988281,-88.44380187990001
Lovell Field,35.035301208496094,-85.20379638671875
Charleston Air Force Base-International Airport,32.89860153,-80.04049683
The Eastern Iowa Airport,41.88470077514648,-91.71080017089844
Cleveland Hopkins International Airport,41.4117012024,-81.8498001099
Charlotte Douglas International Airport,35.2140007019043,-80.94309997558594
John Glenn Columbus International Airport,39.998001,-82.891899
City of Colorado Springs Municipal Airport,38.805801,-104.700996
Corpus Christi International Airport,27.77039909362793,-97.5011978149414
Yeager Airport,38.37310028076172,-81.59320068359375
Cincinnati Northern Kentucky International Airport,39.048801,-84.667801
Cannon Air Force Base,34.3828010559,-103.321998596
Daytona Beach International Airport,29.179899,-81.058098
Dallas Love Field,32.847099,-96.851799
James M Cox Dayton International Airport,39.90240097045898,-84.21939849853516
Dubuque Regional Airport,42.40200043,-90.70950317
Ronald Reagan Washington National Airport,38.8521,-77.037697
Denver International Airport,39.861698150635,-104.672996521
Dallas Fort Worth International Airport,32.896801,-97.038002
DLF Airport,29.359501,-100.778002
Duluth International Airport,46.8420982361,-92.1936035156
Dover Air Force Base,39.12950134,-75.46600342
Des Moines International Airport,41.53400039672852,-93.66310119628906
Detroit Metropolitan Wayne County Airport,42.212398529052734,-83.35340118408203
Dyess Air Force Base,32.4207992554,-99.854598999
Edwards Air Force Base,34.905399,-117.884003
Vance Air Force Base,36.3391990662,-97.9164962769
Erie International Tom Ridge Field,42.0831270134,-80.1738667488
Newark Liberty International Airport,40.692501068115234,-74.168701171875
Wright-Patterson Air Force Base,39.8260993958,-84.0483016968
Fort Lauderdale Hollywood International Airport,26.072599,-80.152702
Fort Smith Regional Airport,35.33660125732422,-94.36740112304688
Fort Worth Meacham International Airport,32.819801,-97.362396
Fort Wayne International Airport,40.97850037,-85.19509888
Spokane International Airport,47.61989974975586,-117.53399658203124
Gulfport Biloxi International Airport,30.40730094909668,-89.07009887695312
Austin Straubel International Airport,44.48509979248047,-88.12960052490234
Seymour Johnson Air Force Base,35.33940125,-77.96060181
Piedmont Triad International Airport,36.097801208496094,-79.93730163574219
Greenville Spartanburg International Airport,34.8956985474,-82.2189025879
Grissom Air Reserve Base,40.6481018066,-86.1520996094
Range Regional Airport,47.38660049,-92.83899689
Holloman Air Force Base,32.8525009155,-106.107002258
William P Hobby Airport,29.64539909,-95.27890015
Huntsville International Carl T Jones Field,34.637199401855,-86.775100708008
Tri-State/Milton J. Ferguson Field,38.36669922,-82.55799866
Washington Dulles International Airport,38.94449997,-77.45580292
George Bush Intercontinental Houston Airport,29.984399795532227,-95.34140014648438
Wichita Eisenhower National Airport,37.649899,-97.433098
Indianapolis International Airport,39.7173,-86.294403
Jackson-Medgar Wiley Evers International Airport,32.3111991882,-90.0758972168
Jacksonville International Airport,30.49410057067871,-81.68789672851562
John F Kennedy International Airport,40.639801,-73.7789
Joplin Regional Airport,37.151798248291016,-94.49829864501952
McCarran International Airport,36.08010101,-115.1520004
Los Angeles International Airport,33.942501,-118.407997
Lubbock Preston Smith International Airport,33.663601,-101.822998
Rickenbacker International Airport,39.813801,-82.927803
Blue Grass Airport,38.0364990234375,-84.60590362548828
Langley Air Force Base,37.082901001,-76.360496521
Lafayette Regional Airport,30.20529938,-91.98760223
La Guardia Airport,40.777199,-73.872597
Bill & Hillary Clinton National Airport/Adams Field,34.729400634799994,-92.2242965698
Altus Air Force Base,34.667098999,-99.2667007446
Luke Air Force Base,33.534999847399995,-112.383003235
MBS International Airport,43.532901763916016,-84.07959747314453
Mac Dill Air Force Base,27.84930038,-82.52120209
Kansas City International Airport,39.2976,-94.713898
Orlando International Airport,28.429399490356445,-81.30899810791016
Chicago Midway International Airport,41.785999,-87.752403
Memphis International Airport,35.04240036010742,-89.97669982910156
Dobbins Air Reserve Base,33.91540146,-84.51629639
Montgomery Regional (Dannelly Field) Airport,32.30059814,-86.39399719
Manchester-Boston Regional Airport,42.932598,-71.435699
Miami International Airport,25.79319953918457,-80.29060363769531
General Mitchell International Airport,42.94720077514648,-87.89659881591797
Quad City International Airport,41.44850158691406,-90.50749969482422
Monroe Regional Airport,32.51089859008789,-92.0376968383789
Mobile Regional Airport,30.691200256348,-88.242797851562
Dane County Regional Truax Field,43.13990020751953,-89.3375015258789
Minneapolis-St Paul International/Wold-Chamberlain Airport,44.882,-93.221802
Louis Armstrong New Orleans International Airport,29.99340057373047,-90.25800323486328
Mountain Home Air Force Base,43.043598,-115.872002
Metropolitan Oakland International Airport,37.721298,-122.221001
Will Rogers World Airport,35.39310073852539,-97.60070037841795
Eppley Airfield,41.3032,-95.894096
Ontario International Airport,34.055999755859375,-117.60099792480467
Chicago O'Hare International Airport,41.9786,-87.9048
Norfolk International Airport,36.89459991455078,-76.20120239257812
Tyndall Air Force Base,30.0695991516,-85.57540130619999
Palm Beach International Airport,26.68320083618164,-80.09559631347656
Portland International Airport,45.58869934,-122.5979996
Newport News Williamsburg International Airport,37.13190079,-76.49299622
Philadelphia International Airport,39.87189865112305,-75.24109649658203
Phoenix Sky Harbor International Airport,33.43429946899414,-112.01200103759766
General Wayne A. Downing Peoria International Airport,40.664199829100006,-89.6932983398
Pittsburgh International Airport,40.49150085,-80.23290253
Theodore Francis Green State Airport,41.732601,-71.420403
Portland International Jetport,43.646198,-70.309303
Raleigh Durham International Airport,35.87760162353516,-78.7874984741211
Chicago Rockford International Airport,42.19540023803711,-89.09719848632812
Richmond International Airport,37.50519943237305,-77.3197021484375
Randolph Air Force Base,29.52969933,-98.27890015
Reno Tahoe International Airport,39.49909973144531,-119.76799774169922
RoanokeaBlacksburg Regional Airport,37.3255,-79.975403
Greater Rochester International Airport,43.118900299072266,-77.67240142822266
Rochester International Airport,43.90829849243164,-92.5
Southwest Florida International Airport,26.53619956970215,-81.75520324707031
San Diego International Airport,32.7336006165,-117.190002441
San Antonio International Airport,29.533701,-98.469803
Savannah Hilton Head International Airport,32.12760162,-81.20210266
South Bend Regional Airport,41.70869827270508,-86.31729888916016
Louisville Muhammad Ali International Airport,38.1744,-85.736
Seattle Tacoma International Airport,47.449001,-122.308998
Orlando Sanford International Airport,28.7775993347168,-81.23750305175781
San Francisco International Airport,37.61899948120117,-122.375
Springfield Branson National Airport,37.24570084,-93.38860321
Norman Y. Mineta San Jose International Airport,37.362598,-121.929001
Fairchild Air Force Base,47.6151008606,-117.65599823
Salt Lake City International Airport,40.78839874267578,-111.97799682617188
Sacramento International Airport,38.69540023803711,-121.59100341796876
John Wayne Airport-Orange County Airport,33.67570114,-117.8679962
Abraham Lincoln Capital Airport,39.84410095,-89.67790222
Sheppard Air Force Base-Wichita Falls Municipal Airport,33.9888,-98.491898
Sarasota Bradenton International Airport,27.39539909362793,-82.55439758300781
Shaw Air Force Base,33.97269821,-80.47059631
St Louis Lambert International Airport,38.748697,-90.370003
Spirit of St Louis Airport,38.662101745605,-90.652000427246
Travis Air Force Base,38.262699127197,-121.92700195312
Sioux Gateway Airport/Brigadier General Bud Day Field,42.402599,-96.384399
Syracuse Hancock International Airport,43.11119842529297,-76.1063003540039
Whiteman Air Force Base,38.73030090332,-93.547897338867
McChord Air Force Base,47.1376991272,-122.475997925
Tinker Air Force Base,35.414699554443,-97.386596679688
Tallahassee Regional Airport,30.396499633789062,-84.35030364990234
Toledo Express Airport,41.58679962,-83.80780029
Tampa International Airport,27.975500106811523,-82.533203125
Tri-Cities Regional TN/VA Airport,36.475201,-82.407401
Tulsa International Airport,36.19839859008789,-95.88809967041016
Tucson International Airport / Morris Air National Guard Base,32.115004,-110.938053
McGhee Tyson Airport,35.81100082,-83.9940033
Vandenberg Air Force Base,34.7373008728,-120.583999634
Destin-Ft Walton Beach Airport,30.4832,-86.525398
Robins Air Force Base,32.6400985718,-83.5919036865
Tirana International Airport Mother Teresa,41.4146995544,19.7206001282
Burgas Airport,42.56959915161133,27.515199661254883
Sofia Airport,42.69669342041016,23.411436080932617
Varna Airport,43.232101,27.8251
Larnaca International Airport,34.875099182128906,33.624900817871094
Paphos International Airport,34.71799850463867,32.48569869995117
RAF Akrotiri,34.590401,32.9879
Zagreb Airport,45.7429008484,16.0687999725
Alicante International Airport,38.28219985961914,-0.5581560134887695
Barcelona International Airport,41.2971,2.07846
Adolfo SuA!rez MadridaBarajas Airport,40.471926,-3.56264
MA!laga Airport,36.67490005493164,-4.499110221862793
Palma De Mallorca Airport,39.551700592,2.73881006241
Santiago de Compostela Airport,42.89630126953125,-8.415140151977539
Bordeaux-MA(c)rignac Airport,44.8283004761,-0.715556025505
Toulouse-Blagnac Airport,43.629101,1.36382
Lyon Saint-ExupA(c)ry Airport,45.725556,5.081111
Marseille Provence Airport,43.439271922,5.22142410278
Nice-CA'te d'Azur Airport,43.6584014893,7.215869903560001
Avord (BA 702) Air Base,47.053299,2.6325
Charles de Gaulle International Airport,49.012798,2.55
Paris-Orly Airport,48.7233333,2.3794444
EuroAirport Basel-Mulhouse-Freiburg Airport,47.59,7.529167
Eleftherios Venizelos International Airport,37.9364013672,23.9444999695
Heraklion International Nikos Kazantzakis Airport,35.3396987915,25.1802997589
Thessaloniki Macedonia International Airport,40.51969909667969,22.97089958190918
Budapest Liszt Ferenc International Airport,47.42976,19.261093
Bari Karol WojtyAa Airport,41.138901,16.760599
Catania-Fontanarossa Airport,37.466801,15.0664
FalconeaBorsellino Airport,38.175999,13.091
Cagliari Elmas Airport,39.251499,9.05428
Malpensa International Airport,45.6306,8.72811
Milan Bergamo Airport,45.673901,9.70417
Turin Airport,45.200802,7.64963
Genoa Cristoforo Colombo Airport,44.4133,8.8375
Milano Linate Airport,45.445099,9.27674
Bologna Guglielmo Marconi Airport,44.5354,11.2887
Treviso-Sant'Angelo Airport,45.648399,12.1944
Verona Villafranca Airport,45.395699,10.8885
Venice Marco Polo Airport,45.505299,12.3519
CiampinoaG. B. Pastine International Airport,41.7994,12.5949
Leonardo da VinciaFiumicino Airport,41.8002778,12.2388889
Naples International Airport,40.886002,14.2908
Pisa International Airport,43.683899,10.3927
Ljubljana JoA 3/4e PuAnik Airport,46.223701,14.4576
VA!clav Havel Airport Prague,50.1008,14.26
Ben Gurion International Airport,32.01139831542969,34.88669967651367
Ovda International Airport,29.94029998779297,34.93579864501953
Malta International Airport,35.857498,14.4775
Vienna International Airport,48.110298156738,16.569700241089
Faro Airport,37.0144004822,-7.96590995789
Lajes Airport,38.761799,-27.090799
JoAPSo Paulo II Airport,37.7411994934,-25.6979007721
Francisco de SA! Carneiro Airport,41.2481002808,-8.68138980865
Humberto Delgado Airport (Lisbon Portela Airport),38.7813,-9.13592
Sarajevo International Airport,43.82460021972656,18.331499099731445
Henri CoandA International Airport,44.5711111,26.085
Geneva Cointrin International Airport,46.23809814453125,6.108950138092041
ZA 1/4rich Airport,47.464699,8.54917
EsenboAa International Airport,40.1281013489,32.995098114
Adana Airport,36.9822006226,35.2803993225
Antalya International Airport,36.898701,30.800501
Gaziantep International Airport,36.9472007751,37.4786987305
AtatA 1/4rk International Airport,40.976898,28.8146
Adnan Menderes International Airport,38.2924003601,27.156999588
Dalaman International Airport,36.7131004333,28.7924995422
Erzurum International Airport,39.9565010071,41.17020034789999
Trabzon International Airport,40.99509811401367,39.78969955444336
SA 1/4leyman Demirel International Airport,37.8554000854,30.3684005737
Milas Bodrum International Airport,37.25059890749999,27.6643009186
Sabiha GAPkASSen International Airport,40.898601532,29.3092002869
Istanbul Airport,41.275278,28.751944
Skopje International Airport,41.961601,21.621401
Belgrade Nikola Tesla Airport,44.8184013367,20.3090991974
Podgorica Airport,42.359402,19.2519
M. R. A tefA!nik Airport,48.17020034790039,17.21269989013672
Punta Cana International Airport,18.5673999786,-68.36340332030001
Las AmA(c)ricas International Airport,18.42970085144,-69.668899536133
La Aurora Airport,14.5833,-90.527496
Norman Manley International Airport,17.935699462890625,-76.7874984741211
General Juan N Alvarez International Airport,16.757099151611328,-99.75399780273438
Don Miguel Hidalgo Y Costilla International Airport,20.52179908752441,-103.31099700927734
General Ignacio P. Garcia International Airport,29.095899581900003,-111.047996521
Licenciado Benito Juarez International Airport,19.4363,-99.072098
General Mariano Escobedo International Airport,25.7784996033,-100.107002258
Licenciado Gustavo DAaz Ordaz International Airport,20.680099487304688,-105.25399780273438
Los Cabos International Airport,23.15180015563965,-109.72100067138672
General Abelardo L. RodrAguez International Airport,32.541099548339844,-116.97000122070312
CancAon International Airport,21.036500930800003,-86.8770980835
Tocumen International Airport,9.0713596344,-79.3834991455
Daniel Oduber Quiros International Airport,10.5933,-85.544403
MonseA+-or Ascar Arnulfo Romero International Airport,13.4409,-89.055702
JosA(c) MartA International Airport,22.989200592041016,-82.40910339355469
Juan Gualberto Gomez International Airport,23.034400939941406,-81.435302734375
Owen Roberts International Airport,19.2928009033,-81.3576965332
Lynden Pindling International Airport,25.039,-77.466202
Philip S. W. Goldson International Airport,17.539100646972656,-88.30819702148438
Rarotonga International Airport,-21.2026996613,-159.805999756
Faa'a International Airport,-17.553699,-149.606995
Auckland International Airport,-37.0080986023,174.792007446
Christchurch International Airport,-43.48939895629883,172.53199768066406
Wellington International Airport,-41.3272018433,174.804992676
Bahrain International Airport,26.27079963684082,50.63359832763672
King Fahd International Airport,26.471200942993164,49.79790115356445
King Abdulaziz Air Base,26.265399932900003,50.1520004272
King Abdulaziz International Airport,21.6796,39.156502
Prince Mohammad Bin Abdulaziz Airport,24.5534,39.705101
King Khaled International Airport,24.957599639892575,46.69879913330078
Imam Khomeini International Airport,35.416099548339844,51.15219879150391
Mehrabad International Airport,35.68920135498047,51.31340026855469
Mashhad International Airport,36.235198974609375,59.64099884033203
Shiraz Shahid Dastghaib International Airport,29.5392,52.589802
Tabriz International Airport,38.1338996887207,46.23500061035156
Queen Alia International Airport,31.7226009369,35.9931983948
Kuwait International Airport,29.226600646972656,47.96889877319336
Beirut Rafic Hariri International Airport,33.820899963378906,35.488399505615234
Duqm International Airport,19.501944,57.634167
Rustaq Airport,23.640556,57.4875
Abu Dhabi International Airport,24.433000564575195,54.651100158691406
Dubai International Airport,25.2527999878,55.3643989563
Al Maktoum International Airport,24.896356,55.161389
Sharjah International Airport,25.32859992980957,55.5172004699707
Muscat International Airport,23.593299865722656,58.284400939941406
Islamabad International Airport,33.549,72.82566
Sialkot Airport,32.5355567932,74.3638916016
Baghdad International Airport,33.262500762900004,44.2346000671
Basrah International Airport,30.54910087585449,47.66210174560547
Aleppo International Airport,36.18069839477539,37.22439956665039
Damascus International Airport,33.4114990234375,36.51559829711914
Bassel Al-Assad International Airport,35.401100158691406,35.948699951171875
Hamad International Airport,25.273056,51.608056
Fairbanks International Airport,64.81510162,-147.8560028
Ted Stevens Anchorage International Airport,61.17440032958984,-149.99600219726562
Antonio B. Won Pat International Airport,13.4834003448,144.796005249
Laguindingan Airport,8.612203,124.456496
Northern Cagayan International Airport,18.182388,121.745853
Daniel K Inouye International Airport,21.32062,-157.924228
Tamim Airbase,25.467722,50.999479
Kinmen Airport,24.4279,118.359001
Kaohsiung International Airport,22.57710075378418,120.3499984741211
Taiwan Taoyuan International Airport,25.0777,121.233002
Narita International Airport,35.764702,140.386002
Kansai International Airport,34.42729949951172,135.24400329589844
New Chitose Airport,42.77519989013672,141.69200134277344
Fukuoka Airport,33.585899353027344,130.4510040283203
Kagoshima Airport,31.80340003967285,130.718994140625
Chubu Centrair International Airport,34.8583984375,136.80499267578125
Mt. Fuji Shizuoka Airport,34.7960434679,138.18775177
Osaka International Airport,34.785499572753906,135.43800354003906
Tokyo Haneda International Airport,35.552299,139.779999
Yokota Air Base,35.74850082397461,139.34800720214844
Muan International Airport,34.991406,126.382814
Kunsan Air Base,35.90380096435547,126.61599731445312
Jeju International Airport,33.51129913330078,126.49299621582033
Gimhae International Airport,35.1795005798,128.93800354
Incheon International Airport,37.46910095214844,126.45099639892578
Osan Air Base,37.090599,127.029999
Gimpo International Airport,37.5583,126.791
Cheongju International Airport/Cheongju Air Base (K-59/G-513),36.717008,127.498741
Naha Airport,26.1958007812,127.646003723
Kadena Air Base,26.3556,127.767998
Diosdado Macapagal International Airport,15.186,120.559998
Ninoy Aquino International Airport,14.5086,121.019997
Francisco Bangoy International Airport,7.1255202293396,125.64600372314452
Mactan Cebu International Airport,10.307499885559,123.97899627686
Lipetsk Air Base,52.6349983215332,39.44499969482422
Grozny North Airport,43.388302,45.698601
Ukrainka Air Base,51.169997,128.445007
Olenya Air Base,68.151802062988,33.463901519775
Financial Services business and personal loans no collateral require,90.0,90.0
Ministro Pistarini International Airport,-34.8222,-58.5358
Val de Cans/JAolio Cezar Ribeiro International Airport,-1.3792500495900002,-48.4762992859
Presidente Juscelino Kubitschek International Airport,-15.869167,-47.920834
Tancredo Neves International Airport,-19.62444305419922,-43.97194290161133
Afonso Pena Airport,-25.5284996033,-49.1758003235
Eduardo Gomes International Airport,-3.03861,-60.049702
HercAlio Luz International Airport,-27.670278549194336,-48.5525016784668
Rio GaleAPSo a Tom Jobim International Airport,-22.8099994659,-43.2505569458
Guarulhos - Governador AndrA(c) Franco Montoro International Airport,-23.435556411743164,-46.47305679321289
Governador AluAzio Alves International Airport,-5.768056,-35.376111
Congonhas Airport,-23.626110076904297,-46.65638732910156
Deputado Luiz Eduardo MagalhAPSes International Airport,-12.9086112976,-38.3224983215
Comodoro Arturo Merino BenAtez International Airport,-33.393001556396484,-70.78579711914062
Cotopaxi International Airport,-0.906833,-78.615799
Mariscal Sucre International Airport,-0.129166666667,-78.3575
El Dorado International Airport,4.70159,-74.1469
Viru Viru International Airport,-17.6448,-63.135399
Jorge ChA!vez International Airport,-12.0219,-77.114305
Alejandro Velasco Astete International Airport,-13.535699844400002,-71.9387969971
Carrasco International /General C L Berisso Airport,-34.838402,-56.0308
General JosA(c) Antonio Anzoategui International Airport,10.111111,-64.692222
SimA3n BolAvar International Airport,10.601194,-66.991222
Pointe-A -Pitre Le Raizet,16.265301,-61.531799
Luis Munoz Marin International Airport,18.4393997192,-66.0018005371
Enfidha - Hammamet International Airport,36.075833,10.438611
Princess Juliana International Airport,18.0410003662,-63.1088981628
Aukurova Airport,36.895545,35.069381
Almaty Airport,43.35210037231445,77.04049682617188
Astana International Airport,51.02220153808594,71.46690368652344
Manas International Airport,43.0612983704,74.4776000977
Sary-Arka Airport,49.67079925537109,73.33439636230469
Heydar Aliyev International Airport,40.46749877929688,50.04669952392578
Zvartnots International Airport,40.1473007202,44.3959007263
Tbilisi International Airport,41.6692008972,44.95470047
Khabarovsk-Novy Airport,48.52799987793,135.18800354004
Boryspil International Airport,50.345001220703125,30.894699096679688
Simferopol International Airport,45.0522,33.975101
Kharkiv International Airport,49.924800872802734,36.290000915527344
Odessa International Airport,46.42679977416992,30.67650032043457
Pulkovo Airport,59.80030059814453,30.262500762939453
Minsk National Airport,53.882499694824,28.030700683594
Yemelyanovo Airport,56.172901,92.493301
Tolmachevo Airport,55.012599945068,82.650703430176
Platov International Airport,47.493888,39.924722
Sochi International Airport,43.449902,39.9566
Koltsovo Airport,56.743099212646,60.802700042725
Ashgabat International Airport,37.986801,58.361
Tashkent International Airport,41.257900238,69.2811965942
Zhukovsky International Airport,55.553299,38.150002
Domodedovo International Airport,55.40879821777344,37.90629959106445
Sheremetyevo International Airport,55.972599,37.4146
Vnukovo International Airport,55.5914993286,37.2615013123
Kazan International Airport,55.606201171875,49.278701782227
Borisoglebskoye Airport,55.86669921875,49.13330078125
Ufa International Airport,54.557498931885,55.874401092529
Kurumoch International Airport,53.504901885986,50.16429901123
Chhatrapati Shivaji International Airport,19.0886993408,72.8678970337
Dabolim Airport,15.3808002472,73.8313980103
Bandaranaike International Colombo Airport,7.180759906768799,79.88410186767578
Mattala Rajapaksa International Airport,6.284467,81.124128
Phnom Penh International Airport,11.546600341796877,104.84400177001952
Siem Reap International Airport,13.410699844400002,103.81300354
Netaji Subhash Chandra Bose International Airport,22.654699325561523,88.44670104980469
Hazrat Shahjalal International Airport,23.843347,90.397783
Hong Kong International Airport,22.308901,113.915001
Sri Guru Ram Dass Jee International Airport,31.7096004486,74.7973022461
Indira Gandhi International Airport,28.5665,77.103104
Macau International Airport,22.149599,113.592003
Tribhuvan International Airport,27.6966,85.3591
Kempegowda International Airport,13.1979,77.706299
Cochin International Airport,10.152,76.401901
Calicut International Airport,11.1367998123,75.95529937740001
Rajiv Gandhi International Airport,17.231318,78.429855
Chennai International Airport,12.990005493164062,80.16929626464844
Trivandrum International Airport,8.48211956024,76.9200973511
MalA(c) International Airport,4.191830158233643,73.52909851074219
Don Mueang International Airport,13.9125995636,100.607002258
Suvarnabhumi Airport,13.681099891662598,100.74700164794922
Chiang Mai International Airport,18.7667999268,98.962600708
Phuket International Airport,8.1132,98.316902
Da Nang International Airport,16.043899536132812,108.1989974975586
Noi Bai International Airport,21.221200942993164,105.80699920654295
Tan Son Nhat International Airport,10.8187999725,106.652000427
Mandalay International Airport,21.70219993591309,95.97789764404295
Yangon International Airport,16.907300949099998,96.1332015991
Hasanuddin International Airport,-5.061629772186279,119.5540008544922
Ngurah Rai (Bali) International Airport,-8.7481698989868,115.16699981689
Sentani International Airport,-2.5769500733,140.5160064698
Juanda International Airport,-7.379829883575439,112.78700256347656
Dominique Edward Osok Airport,-0.894,131.287
Brunei International Airport,4.944200038909912,114.9280014038086
Soekarno-Hatta International Airport,-6.1255698204,106.65599823
Kualanamu International Airport,3.642222,98.885278
Kuala Lumpur International Airport,2.745579957962,101.70999908447
Singapore Changi Airport,1.35019,103.994003
Brisbane International Airport,-27.38419914245605,153.11700439453125
Melbourne International Airport,-37.673302,144.843002
Yantai Penglai International Airport,37.657222,120.987222
Adelaide International Airport,-34.945,138.531006
Perth International Airport,-31.94029998779297,115.96700286865234
Canberra International Airport,-35.30690002441406,149.19500732421875
Sydney Kingsford Smith International Airport,-33.94609832763672,151.177001953125
Beijing Capital International Airport,40.0801010131836,116.58499908447266
Beijing Daxing International Airport,39.509945,116.41092
Baita International Airport,40.851398,111.823997
Beijing Nanyuan Airport,39.78279876708984,116.38800048828124
Tianjin Binhai International Airport,39.1244010925,117.346000671
Taiyuan Wusu Airport,37.74689865112305,112.62799835205078
Guangzhou Baiyun International Airport,23.39240074157715,113.29900360107422
Changsha Huanghua International Airport,28.1891994476,113.220001221
Guilin Liangjiang International Airport,25.21809959411621,110.03900146484376
Nanning Wuxu Airport,22.608299255371094,108.1719970703125
Shenzhen Bao'an International Airport,22.639299392700195,113.81099700927734
Zhengzhou Xinzheng International Airport,34.519699096699995,113.841003418
Wuhan Tianhe International Airport,30.7838,114.208
Haikou Meilan International Airport,19.93490028381348,110.45899963378906
Sanya Phoenix International Airport,18.30290031433105,109.41200256347656
Xi'an Xianyang International Airport,34.447102,108.751999
Ulaanbaatar International Airport,47.646916,106.819833
Buyant-Ukhaa International Airport,47.843102,106.766998
Kunming Changshui International Airport,25.1019444,102.9291667
Xiamen Gaoqi International Airport,24.54400062561035,118.12799835205078
Fuzhou Changle International Airport,25.93510055541992,119.66300201416016
Hangzhou Xiaoshan International Airport,30.22949981689453,120.43399810791016
Yaoqiang Airport,36.857200622558594,117.21600341796876
Ningbo Lishe International Airport,29.82670021057129,121.46199798583984
Nanjing Lukou Airport,31.742000579833984,118.86199951171876
Shanghai Pudong International Airport,31.143400192260746,121.80500030517578
Shanghai Hongqiao International Airport,31.197900772094727,121.33599853515624
Wenzhou Longwan International Airport,27.912201,120.851997
Chongqing Jiangbei International Airport,29.719200134277344,106.64199829101562
Longdongbao Airport,26.53849983215332,106.8010025024414
Chengdu Shuangliu International Airport,30.578500747680664,103.9469985961914
ArA 1/4mqi Diwopu International Airport,43.90710067749024,87.47419738769531
Taiping Airport,45.6234016418457,126.25
Zhoushuizi Airport,38.9656982421875,121.53900146484376
Taoxian Airport,41.63980102539063,123.48300170898438
Aberdeen,57.125,-2.0937
Abidjan,5.32,-4.03
Abu Dhabi,24.4531,54.3593
Acajutla,13.5781,-89.8281
Adelaide,-34.9218,138.5937
Aden,12.76667,45.01667
Agadir,30.5,-9.667
Al Jubayl,27.05,49.5667
Alexandria,31.1875,29.8906
Algeciras,36.125,-5.45
Algiers,36.7812,3.0468
Ambarli,40.983,28.745
Annaba,36.8906,7.7656
Antwerp,51.216666,4.416666
Apapa,6.4218,3.3437
Al Aqabah,29.55,35.0
Arica,-18.49,-70.3
Ashdod,31.8125,34.6406
Auckland,-36.86667,174.766667
Bahia Blanca,-38.71667,-62.28333
Bahrain,26.0,50.5
Balboa,8.9375,-79.5625
Baltimore,39.28973,-76.6212
Bandar Abbas,27.2,56.25
Banjul,13.451189,-16.584243
Barcelona,41.38334,2.18334
Barranquilla,10.98,-74.8
Bata,1.85,9.77
Beirut,33.8593,35.5
Bejaia,36.75,5.08333
Belize,17.51,-88.3
Benghazi,32.1093,20.0625
Bergen,60.3834,5.31667
Bissau,11.851832,-15.587181
Boma,-5.84,13.053
Bosperus,41.012,29.02
Bremerhaven,53.55,8.58
Brest,48.3906,-4.4687
Brisbane,-27.5,153.0156
Buenaventura,3.9,-77.033333
Buenos Aires,-34.612,-58.466667
Busan,35.1,129.04
Callao,-12.06667,-77.0
Cape Town,-33.9166,18.416666
Cartagena,10.38,-75.5
Cartagena,37.5937,-0.9687
Casablanca,33.583333,-7.616666
Caucedo,18.41667,-69.6333
Charleston,32.79423,-79.94032
Chennai,13.06,80.18
Chittagong,22.3281,91.8281
Chiwan,22.493138,113.888909
Cochin,9.987639,76.236338
Colombo,6.933334,79.85
Conakry,9.519446,-13.709253
Constanta,44.17541,28.63817
Corinto,12.0312,-86.3437
Cork. Co Cork,51.9,-8.466666
Cotonou,6.35,2.43
Da Nang,16.0,108.25
Dakar,14.684,-17.446
Dalian,38.922061,121.646487
Damietta,31.4062,31.7968
Dammam,26.4218,50.1093
Dar es Salaam,-6.817,39.277
Djibouti,11.598434,43.148656
Douala,3.75,9.9375
Dublin,53.333333,-6.25
Dunkerque,51.0468,2.3593
Durban,-29.8437,31.0156
Dutch Harbor,53.81,-166.53743
East London,-32.989,27.898
Ensenada,31.86667,-116.61667
Esmeraldas,0.9687,-79.6875
Fazendinha,-0.9218,-47.7187
Felixstowe,51.9531,1.35
Fort de France,14.602804,-61.081786
Fos sur Mer,43.433333,4.95
Freeport Bahamas,26.5312,-78.6875
Freetown,8.4687,-13.2187
Fremantle,-32.0468,115.7656
Fusa,60.1875,5.5937
Fuzhou,26.0781,119.2968
Gdynia,54.5,18.55
General Santos City,6.11667,125.16667
Genoa,44.42,8.95
Gioia Tauro,38.416666,15.9
Gothenburg,57.7031,11.9531
Grangemouth,56.0156,-3.7187
Guam,13.381,144.721
Guayaquil,-2.169538,-79.902519
Haifa,32.7968,34.9687
Haiphong,20.866667,106.68334
Hakata,33.5937,130.4062
Haldia Port. India,22.02,88.02
Hamburg,53.55,10.0
Havana Cuba,23.125,-82.3593
Haydarpasa Port. Istanbul,41.03693,28.92393
Saigon,10.75,106.66667
Hodeidah,14.8,43.2
Hong Kong,22.320135,114.200376
Honolulu,21.38451,-157.93542
Houston,29.7631,-95.3631
Huangpu,22.6875,113.3125
Ilyichevsk,46.29897,30.65714
Inchon,37.475,126.636
Iquique,-20.2031,-70.1562
Itaguai (Sepetiba),-22.966,-43.702
Itajai,-26.52,-48.69
Izmir,38.4062,27.15
Izmit Korfezi,40.798,29.665
Jakarta,-6.1667,106.8
Jawaharlal Nehru,18.56,73.02
Jebel Ali,25.14,55.19
Jeddah,21.48334,39.2
Kaliningrad,54.7031,20.5
Kandla,23.0312,70.21666
Kaohsiung,22.633334,120.28333
Karachi,24.866667,67.05
Keelung,25.125,121.7187
Kiel Kanal,54.2071,10.0875
Kobe,34.68,135.17
Kolkata,22.5312,88.3593
Koper,45.54548,13.739
Kotka,60.47,26.92
Kristiansand,58.1562,8.0
Kwangyang,34.97,127.58
La Guaira,10.6,-66.93333
La Pallice,46.16774,-1.19276
Laem Chabang,13.382173,100.991433
Larvik,59.0625,10.0
Las Palmas,28.1,-15.42
Latakia,35.52,35.79
Lautoka,-17.61,177.455
Lazaro Cardenas,22.1875,-105.2343
Le Havre,49.5,0.125
Leghorn,43.55,10.316
Leixoes,41.192526,-8.709055
Lianyungang,34.7187,119.4375
Libreville,0.394,9.5465
Limassol,34.66667,33.03333
Lirquen,-36.7031,-72.9531
Lisbon,38.7167,-9.13
Lobito,-12.3437,13.5468
Lome,6.125,1.2031
Long Beach,33.766448,-118.194944
Los Angeles,34.0522,-118.2428
Luanda,-9.11,13.242
Lyttelton,-43.6,172.71667
Malaga,36.71815,-4.42747
Manaus,-3.06,-60.0
Manila,14.58334,121.0
Manzanillo,9.35,-79.9
Marsaxlokk,35.85,14.55
Matadi,-5.814,13.469
Melbourne,-37.833333,145.0
Melilla,35.294129,-2.944813
Mersin,36.8,34.63
Miami,25.79371,-80.20735
Mindelo,16.89,-24.99
Misuratah,32.375,15.0937
Mobile,30.6942,-88.0431
Mombasa,-4.0468,39.6562
Monrovia,6.3125,-10.7968
Montevideo,-34.883333,-56.183333
Montoir de Bretagne,47.32495,-2.16266
Montreal,45.5,-73.5781
Muscat. Oman,23.6093,58.5781
Maaloey,61.938442,5.078354
Nagoya,35.17,136.92
Namibe,-15.153104,12.152578
Nansha New Port,22.76,113.572
Napier,-39.483333,176.91666
Nelson,-41.2812,173.2812
New Orleans,29.9544,-90.075
New Plymouth,-39.0625,174.0781
Newark,40.73812,-74.18329
Ningbo,29.875,121.5468
Norfolk,36.85373,-76.28163
North Charleston,32.87161,-79.99029
Nouadhibou,20.8906,-17.0625
Nouakchott,18.0937,-15.9375
Noumea,-22.286509,166.440087
Oakland,37.81105,-122.26795
Odessa,46.4531,30.7187
Onne Seaport,4.7031,7.1406
Oran,35.6875,-0.625
Osaka,34.67,135.5
Paita,-5.0937,-81.1093
Papeete,-17.535,-149.57
Paranagua,-25.54,-48.51
Pecem,-3.53,-38.869
Penang,5.4062,100.28
Philadelphia,39.9522,-75.1642
Pipavav,20.974917,71.583081
Piraeus,37.95134,23.64113
Point Lisas,10.405,-61.482
Pointe a Pitre,16.23333,-61.51667
Pointe Noire,1.5468,15.7968
Port Chalmers,-45.81667,170.61667
Port Elizabeth,-33.9531,25.5781
Port Gentil,-0.719,8.774
Port Klang,3.042,101.446
Port Louis,-20.1562,57.5
Port Qasim,24.767667,67.33334
Port Said,31.21583,32.35722
Tangier,35.885,-5.4847
Poti,42.14743,41.67701
Praia,14.916666,-23.524
Progreso,21.29,-89.667
Puerto Cabello,10.46667,-68.01667
Puerto Caldera,9.9375,-84.7031
Puerto Cortes,15.83333,-87.91667
Puerto Deseado,-47.75,-65.8906
Puerto Limon,9.98,-83.04
Puerto Madryn,-42.7656,-65.0468
Puerto Limon-Moin,9.99,-83.089
Puerto Quetzal,15.0,-91.8125
Qingdao,36.08333,120.35
Rauma,61.133333,21.5
Rio Grande,-32.03333,-52.083333
Rotterdam,51.91667,4.5
Rouen,49.4218,1.0781
Salalah,17.014,54.091
Salerno,40.41,15.0
San Antonio,-33.58,-71.63
San Juan,18.454,-66.07
San Pedro,4.733333,-6.616666
Santo Tomas de Castilla,15.693433,-88.617721
Santos,-23.95,-46.33
Sao Francisco do Sul,-26.25,-48.62
Savannah,32.0833,-81.1
Seattle,47.597244,-122.351973
Semarang,-6.974997,110.423953
Sfax,34.72024,10.745077
Shanghai,31.2187,121.4531
Sharjah,25.375,55.408
Shekou,22.5,113.875
Shimizu,35.02,138.48
Shuaiba,29.0468,48.125
Ash Shuwaykh,29.3437,47.9062
Sihanoukville,10.63333,103.53
Singapore,1.2812,103.8437
Skaramanga,38.01361,23.60026
Skikda,36.8593,6.8906
Sohar,24.3593,56.74
Songkhla,7.215083,100.558519
Southampton,50.89926,-1.40029
Soyo,-6.125,12.3593
St Petersburg,59.9,30.27
Stavanger,58.96667,5.66
Suez Canal,31.15,32.37
Surabaya,-7.25,112.75
Suva,-18.124,178.464
Sydney,-33.888888,151.2
Takoradi,4.88333,-1.75
Tanjung Pelepas,1.405,103.593
Tarragona,41.11713,1.24976
Tauranga,-37.68333,176.16667
Tema,5.633,0.008
Santa Cruz De Tenerife,28.46,-16.25
Thames Haven,51.45573,0.70808
Thessaloniki,40.64098,22.93274
Tilbury,51.46339,0.36583
Timaru,-44.3906,171.25
Tin Can Island Port,6.4339,3.3564
Toamasina,-18.1562,49.375
Tokyo,35.6875,139.7656
Torres Strait,-9.562,142.345
Trieste,45.65,13.7834
Tunis,36.7968,10.1718
Ushuaia,-54.48,-68.19
Valencia,39.47,-0.37
Vancouver,49.25,-123.125
Varna,43.216666,27.916666
Victoria,-4.6093,55.4375
Vigo,42.23413,-8.71136
Vila do Conde,-1.53838,-48.72982
Vitoria,-20.19,-40.22
Walvis Bay,-22.944,14.506
Wellington,-41.2968,174.7812
Willemstad,12.1,-68.91667
WilmingtonNC,34.2256,-77.945
Xiamen,24.45,118.08
Xingang,38.562,117.56
Shenzhen,22.58333,114.26667
Yokohama,35.45,139.55
Zarate,-34.09,-59.035
Zeebrugge,51.3281,3.1875
Alesund,62.49,6.5
Aarhus,56.15,10.216666
Panama Canal,8.9531,-79.5312
Port Reunion,-20.883333,55.533333
Acapulco,-99.52,16.51
Almeria,-2.27,36.5
Antofagasta,-70.23,-23.38
Arbatax,9.42,39.56
Argentia,-54.0,47.18
Assab,42.44,13.0
Avarua,-159.46,-21.11
Aveiro,-8.39,40.38
Belem,-48.3,-1.27
Caibarien,-79.28,22.31
Cap-Haitien,-72.12,19.45
Chimu Wan,127.55,26.23
Colon,-84.15,9.55
Dartmouth,-63.34,44.4
Falmouth,-64.1,45.0
Gijon,-5.4,43.32
Halifax,146.17,-18.35
Hobart,147.18,-42.52
Iraklion,22.43,35.2
Lagos,-3.26,36.48
Mar Del Plata,-57.33,-38.0
Menton,7.3,43.47
Napoli,14.15,40.5
Nassau,-77.21,25.05
Plymouth,-4.07,50.24
Ponta Delgada,-25.4,37.44
Port Hueneme,-119.11,34.08
Porto Grande,-25.0,16.52
Punta Arenas,-70.56,-53.08
Rhodes,151.05,-33.5
San Francisco,-62.04,-31.25
Santo Domingo,-71.39,-33.38
St Georges,5.21,50.36
St Johns,-84.33,43.0
St Nazaire,4.36,44.12
Tampico,-97.52,22.15
Torshavn,-64.6,62.1
Tramandai,-50.08,-29.58
Tuticorin,78.08,8.47
Wilhelmshaven,8.08,53.31
